-- 插入從 scout54-manager 取得的真實成員資料
-- 羅浮童軍
INSERT OR IGNORE INTO members (id, chinese_name, english_name, gender, section, rank_level, unit_name, role_name, troop, membership_status) VALUES
('m-001', '賴芷盺', 'Jennifer Lai', '女', '羅浮童軍', '見習羅浮', '美西小隊', '團員', '54團', 'ACTIVE'),
('m-002', '林雨萱', 'Marta Lin', '女', '羅浮童軍', '見習羅浮', '加拿大小隊', '團員', '54團', 'ACTIVE'),
('m-003', '陳子喬', 'Zoe Chen', '女', '羅浮童軍', '見習羅浮', '澳洲小隊', '團員', '54團', 'ACTIVE'),
('m-004', '陳若慈', 'Claire Chen', '女', '羅浮童軍', '見習羅浮', '台灣小隊', '團員', '54團', 'ACTIVE'),
('m-005', '蔡侑芯', 'Cynthia Tsai', '女', '羅浮童軍', '見習羅浮', '澳洲小隊', '團員', '54團', 'ACTIVE'),
('m-006', '賴宥蓁', 'Yosi Lai', '女', '羅浮童軍', '見習羅浮', '台灣小隊', '副群長', '54團', 'ACTIVE'),
('m-007', '張庭甄', 'Chang,TingChen', '女', '羅浮童軍', '見習羅浮', '台灣小隊', '團員', '54團', 'ACTIVE'),
('m-008', '李珮晴', 'Pei-Ching Lee', '女', '羅浮童軍', '見習羅浮', '美西小隊', '團員', '54團', 'ACTIVE'),
('m-009', '王心妤', NULL, '女', '羅浮童軍', '授銜羅浮', '台灣小隊', '群長', '54團', 'ACTIVE'),
('m-010', '林莉庭', NULL, '女', '羅浮童軍', '見習羅浮', '台灣小隊', '團員', '54團', 'ACTIVE'),
('m-011', '林其蓁', NULL, '女', '羅浮童軍', '見習羅浮', '台灣小隊', '團員', '54團', 'ACTIVE'),
('m-012', '詹恩慈', NULL, '女', '羅浮童軍', '見習羅浮', '台灣小隊', '團員', '54團', 'ACTIVE'),
('m-013', '胡倍嘉', NULL, '女', '羅浮童軍', '見習羅浮', '台灣小隊', '團員', '54團', 'ACTIVE'),
('m-014', '林芷伃', NULL, '女', '羅浮童軍', '見習羅浮', '台灣小隊', '團員', '54團', 'ACTIVE'),
('m-015', '康恩銓', NULL, '男', '羅浮童軍', '見習羅浮', '台灣小隊', '團員', '54團', 'ACTIVE'),
('m-016', '李冠緯', NULL, '男', '羅浮童軍', '見習羅浮', '台灣小隊', '團員', '54團', 'ACTIVE'),
('m-017', '陳孟婕', NULL, '女', '羅浮童軍', '見習羅浮', '台灣小隊', '團員', '54團', 'ACTIVE'),
('m-018', '吳婉慈', NULL, '女', '羅浮童軍', '見習羅浮', '台灣小隊', '團員', '54團', 'ACTIVE'),
('m-019', '劉栢霖', NULL, '男', '羅浮童軍', '見習羅浮', '台灣小隊', '團員', '54團', 'ACTIVE'),
('m-020', '林沂璇', NULL, '女', '羅浮童軍', '見習羅浮', '台灣小隊', '團員', '54團', 'ACTIVE'),
('m-021', '張祐慈', NULL, '女', '羅浮童軍', '見習羅浮', '台灣小隊', '團員', '54團', 'ACTIVE'),
('m-022', '陳亭妤', NULL, '女', '羅浮童軍', '見習羅浮', '美西小隊', '團員', '54團', 'ACTIVE'),
('m-023', '李昊翰', NULL, '男', '羅浮童軍', '見習羅浮', '美西小隊', '團員', '54團', 'ACTIVE'),
('m-024', '李梓瑩', NULL, '女', '羅浮童軍', '見習羅浮', '加拿大小隊', '團員', '54團', 'ACTIVE'),
('m-025', '唐榕', NULL, '女', '羅浮童軍', '見習羅浮', '澳洲小隊', '團員', '54團', 'ACTIVE'),
('m-026', '楊千宜', NULL, '女', '羅浮童軍', '見習羅浮', '英國小隊', '團員', '54團', 'ACTIVE'),
('m-027', '杜英禎', NULL, '女', '羅浮童軍', '見習羅浮', '美東小隊', '團員', '54團', 'ACTIVE');

-- 部分童軍成員（示例）
INSERT OR IGNORE INTO members (id, chinese_name, english_name, gender, section, rank_level, unit_name, role_name, troop, membership_status) VALUES
('m-028', '張淯媞', NULL, '女', '童軍', '初級童軍', '未分配', '隊員', '54團', 'ACTIVE'),
('m-029', '許雅媛', NULL, '女', '童軍', '高級童軍', '未分配', '隊員', '54團', 'ACTIVE'),
('m-030', '何宜蓁', NULL, '女', '行義童軍', '高級童軍', '未分配', '隊員', '54團', 'ACTIVE');

-- 學年度成員記錄
INSERT OR IGNORE INTO member_year_records (member_id, year_label, section, rank_level, unit_name, role_name, troop) VALUES
('m-001', '115', '羅浮童軍', '見習羅浮', '美西小隊', '團員', '54團'),
('m-002', '115', '羅浮童軍', '見習羅浮', '加拿大小隊', '團員', '54團'),
('m-003', '115', '羅浮童軍', '見習羅浮', '澳洲小隊', '團員', '54團'),
('m-009', '115', '羅浮童軍', '授銜羅浮', '台灣小隊', '群長', '54團'),
('m-028', '115', '童軍', '初級童軍', '未分配', '隊員', '54團'),
('m-029', '115', '童軍', '高級童軍', '未分配', '隊員', '54團'),
('m-030', '115', '行義童軍', '高級童軍', '未分配', '隊員', '54團');

-- 榮譽/進程記錄
INSERT OR IGNORE INTO progress_records (id, member_id, record_type, award_id, award_name, year_label, awarded_at) VALUES
('pr-001', 'm-009', 'rank', 'RANK_高級童軍', '高級童軍', '113', '2024-11-23'),
('pr-002', 'm-009', 'award', 'award-excellent', '優秀童軍', '114', '2026-02-06'),
('pr-003', 'm-028', 'rank', 'RANK_初級童軍', '初級童軍', '115', '2026-02-07'),
('pr-004', 'm-029', 'rank', 'RANK_初級童軍', '初級童軍', '115', '2026-02-07'),
('pr-005', 'm-029', 'rank', 'RANK_中級童軍', '中級童軍', '115', '2026-02-07'),
('pr-006', 'm-029', 'rank', 'RANK_高級童軍', '高級童軍', '115', '2026-02-07'),
('pr-007', 'm-030', 'rank', 'RANK_高級童軍', '高級童軍', '115', '2026-02-07'),
('pr-008', 'm-009', 'rank', 'RANK_獅級童軍', '獅級童軍', '115', '2026-02-10'),
('pr-009', 'm-009', 'rank', 'RANK_長城童軍', '長城童軍', '115', '2026-02-08'),
('pr-010', 'm-009', 'rank', 'RANK_國花童軍', '國花童軍', '115', '2026-02-08'),
('pr-011', 'm-009', 'rank', 'RANK_見習羅浮', '見習羅浮', '115', '2026-02-08'),
('pr-012', 'm-009', 'rank', 'RANK_授銜羅浮', '授銜羅浮', '115', '2026-02-08');

-- 教練團
INSERT OR IGNORE INTO coach_members (id, chinese_name, coach_level, year_label, section_assigned) VALUES
('c-001', '張老師', '指導教練', '115', '童軍'),
('c-002', '李老師', '指導教練', '115', '行義童軍'),
('c-003', '王老師', '助理教練', '115', '羅浮童軍'),
('c-004', '陳老師', '見習教練', '115', '童軍'),
('c-005', '林老師', '見習教練', '115', '行義童軍'),
('c-006', '黃老師', '見習教練', '115', '羅浮童軍'),
('c-007', '蔡老師', '預備教練', '115', '童軍');

-- 出席場次（示例）
INSERT OR IGNORE INTO attendance_sessions (id, title, date, section, session_number, topic) VALUES
('as-001', '第一次社課', '2026-02-25', 'junior', 1, '手號'),
('as-002', '第二次社課', '2026-03-04', 'junior', 2, '繩結'),
('as-003', '第一次社課', '2026-02-25', 'senior', 1, '領導力訓練'),
('as-004', '第一次社課', '2026-02-25', 'rover', 1, '服務計畫討論');
